-- --------------------------------------------------------
-- Host:                         127.0.0.1
-- Versione server:              10.4.21-MariaDB - mariadb.org binary distribution
-- S.O. server:                  Win64
-- HeidiSQL Versione:            11.3.0.6295
-- --------------------------------------------------------

/*!40101 SET @OLD_CHARACTER_SET_CLIENT=@@CHARACTER_SET_CLIENT */;
/*!40101 SET NAMES utf8 */;
/*!50503 SET NAMES utf8mb4 */;
/*!40014 SET @OLD_FOREIGN_KEY_CHECKS=@@FOREIGN_KEY_CHECKS, FOREIGN_KEY_CHECKS=0 */;
/*!40101 SET @OLD_SQL_MODE=@@SQL_MODE, SQL_MODE='NO_AUTO_VALUE_ON_ZERO' */;
/*!40111 SET @OLD_SQL_NOTES=@@SQL_NOTES, SQL_NOTES=0 */;


-- Dump della struttura del database f1_fantasy
CREATE DATABASE IF NOT EXISTS `f1_fantasy` /*!40100 DEFAULT CHARACTER SET utf8mb4 */;
USE `f1_fantasy`;

-- Dump della struttura di tabella f1_fantasy.fantapartecipap
CREATE TABLE IF NOT EXISTS `fantapartecipap` (
  `Nomesquadra` char(50) NOT NULL,
  `Numero` int(11) NOT NULL,
  KEY `FK_fantapartecipap_pilota` (`Numero`),
  KEY `Nomesquadra` (`Nomesquadra`),
  CONSTRAINT `FK_fantapartecipap_pilota` FOREIGN KEY (`Numero`) REFERENCES `pilota` (`Numero`) ON UPDATE CASCADE,
  CONSTRAINT `FK_fantapartecipap_squadra` FOREIGN KEY (`Nomesquadra`) REFERENCES `squadra` (`NomeSquadra`) ON UPDATE CASCADE
) ENGINE=InnoDB DEFAULT CHARSET=utf8mb4;

-- Dump dei dati della tabella f1_fantasy.fantapartecipap: ~10 rows (circa)
/*!40000 ALTER TABLE `fantapartecipap` DISABLE KEYS */;
INSERT INTO `fantapartecipap` (`Nomesquadra`, `Numero`) VALUES
	('Scuderia Sburari', 16),
	('Scuderia Sburari', 55),
	('Scuderia Sburari', 7),
	('Scuderia Sburari', 11),
	('Scuderia Sburari', 10),
	('Sbureria Ferrari', 16),
	('Sbureria Ferrari', 55),
	('Sbureria Ferrari', 11),
	('Sbureria Ferrari', 7),
	('Sbureria Ferrari', 9);
/*!40000 ALTER TABLE `fantapartecipap` ENABLE KEYS */;

-- Dump della struttura di tabella f1_fantasy.fantapartecipas
CREATE TABLE IF NOT EXISTS `fantapartecipas` (
  `NomeSquadra` char(50) NOT NULL,
  `NomeScuderia` char(50) NOT NULL,
  PRIMARY KEY (`NomeSquadra`),
  KEY `FK_fantapartecipas_scuderia` (`NomeScuderia`),
  CONSTRAINT `FK_fantapartecipas_scuderia` FOREIGN KEY (`NomeScuderia`) REFERENCES `scuderia` (`NomeScuderia`) ON UPDATE CASCADE,
  CONSTRAINT `FK_fantapartecipas_squadra` FOREIGN KEY (`NomeSquadra`) REFERENCES `squadra` (`NomeSquadra`) ON UPDATE CASCADE
) ENGINE=InnoDB DEFAULT CHARSET=utf8mb4;

-- Dump dei dati della tabella f1_fantasy.fantapartecipas: ~2 rows (circa)
/*!40000 ALTER TABLE `fantapartecipas` DISABLE KEYS */;
INSERT INTO `fantapartecipas` (`NomeSquadra`, `NomeScuderia`) VALUES
	('Sbureria Ferrari', 'Scuderia Ferrari'),
	('Scuderia Sburari', 'Scuderia Ferrari');
/*!40000 ALTER TABLE `fantapartecipas` ENABLE KEYS */;

-- Dump della struttura di tabella f1_fantasy.gara
CREATE TABLE IF NOT EXISTS `gara` (
  `Data` date NOT NULL,
  `Autodromo` char(50) DEFAULT NULL,
  `Luogo` char(50) DEFAULT NULL,
  PRIMARY KEY (`Data`)
) ENGINE=InnoDB DEFAULT CHARSET=utf8mb4;

-- Dump dei dati della tabella f1_fantasy.gara: ~22 rows (circa)
/*!40000 ALTER TABLE `gara` DISABLE KEYS */;
INSERT INTO `gara` (`Data`, `Autodromo`, `Luogo`) VALUES
	('2021-03-28', 'Bahrain International Circuit', 'Bahrain'),
	('2021-04-18', 'Autodromo Enzo e Dino Ferrari', 'Italia'),
	('2021-05-02', 'Autòdromo Internacional do Algarve', 'Portogallo'),
	('2021-05-09', 'Circuit de Barcelona-Catalunya', 'Spagna'),
	('2021-05-23', 'Circuit de Monaco', 'Monaco'),
	('2021-06-06', 'Baku City Circuit', 'Azerbaijan'),
	('2021-06-20', 'Circuit Paul Ricard', 'Francia'),
	('2021-06-27', 'Red Bull Ring', 'Stiria'),
	('2021-07-04', 'Red Bull Ring', 'Austria'),
	('2021-07-18', 'Silverstone Circuit', 'Inghilterra'),
	('2021-08-01', 'Hungaroring', 'Ungheria'),
	('2021-08-29', 'Circuit de Spa-Francorchamps', 'Belgio'),
	('2021-09-05', 'Circuit Zandvoort', 'Paesi Bassi'),
	('2021-09-12', 'Autodromo Nazionale di Monza', 'Italia'),
	('2021-09-26', 'Sochi Autodrome', 'Russia'),
	('2021-10-10', 'Istanbul International Circuit', 'Turchia'),
	('2021-10-24', 'Circuit Of The Americas', 'Stati Uniti'),
	('2021-11-07', 'Autodromo Hermanos Rodrìguez', 'Messico'),
	('2021-11-14', 'Autodromo José Carlos Pace', 'Brasile'),
	('2021-11-21', 'Lusail International Circuit', 'Qatar'),
	('2021-12-05', 'Jeddah Corniche Circuit', 'Arabia Saudita'),
	('2021-12-12', 'Yas Marina Circuit', 'Emirati Arabi Uniti');
/*!40000 ALTER TABLE `gara` ENABLE KEYS */;

-- Dump della struttura di tabella f1_fantasy.gareggia
CREATE TABLE IF NOT EXISTS `gareggia` (
  `Numero` int(11) NOT NULL,
  `Data` date NOT NULL,
  `Qualifica` int(11) DEFAULT NULL,
  `PosFinale` int(11) DEFAULT NULL,
  KEY `FK_gareggia_pilota` (`Numero`),
  KEY `FK_gareggia_gara` (`Data`),
  CONSTRAINT `FK_gareggia_gara` FOREIGN KEY (`Data`) REFERENCES `gara` (`Data`) ON DELETE NO ACTION ON UPDATE NO ACTION,
  CONSTRAINT `FK_gareggia_pilota` FOREIGN KEY (`Numero`) REFERENCES `pilota` (`Numero`) ON UPDATE CASCADE
) ENGINE=InnoDB DEFAULT CHARSET=utf8mb4;

-- Dump dei dati della tabella f1_fantasy.gareggia: ~440 rows (circa)
/*!40000 ALTER TABLE `gareggia` DISABLE KEYS */;
INSERT INTO `gareggia` (`Numero`, `Data`, `Qualifica`, `PosFinale`) VALUES
	(33, '2021-03-28', 1, 2),
	(44, '2021-03-28', 2, 1),
	(77, '2021-03-28', 3, 3),
	(16, '2021-03-28', 4, 6),
	(10, '2021-03-28', 5, 17),
	(3, '2021-03-28', 6, 7),
	(4, '2021-03-28', 7, 4),
	(14, '2021-03-28', 9, 19),
	(18, '2021-03-28', 10, 10),
	(55, '2021-03-28', 8, 8),
	(11, '2021-03-28', 11, 5),
	(99, '2021-03-28', 12, 12),
	(22, '2021-03-28', 13, 9),
	(7, '2021-03-28', 14, 11),
	(63, '2021-03-28', 15, 14),
	(31, '2021-03-28', 16, 13),
	(6, '2021-03-28', 17, 18),
	(5, '2021-03-28', 18, 15),
	(47, '2021-03-28', 19, 16),
	(9, '2021-03-28', 20, 20),
	(44, '2021-04-18', 1, 2),
	(11, '2021-04-18', 2, 11),
	(33, '2021-04-18', 3, 1),
	(16, '2021-04-18', 4, 4),
	(10, '2021-04-18', 5, 7),
	(3, '2021-04-18', 6, 6),
	(4, '2021-04-18', 7, 3),
	(77, '2021-04-18', 8, 18),
	(31, '2021-04-18', 9, 9),
	(18, '2021-04-18', 10, 8),
	(55, '2021-04-18', 11, 5),
	(63, '2021-04-18', 12, 19),
	(5, '2021-04-18', 13, 15),
	(6, '2021-04-18', 14, 20),
	(14, '2021-04-18', 15, 10),
	(7, '2021-04-18', 16, 13),
	(99, '2021-04-18', 17, 14),
	(47, '2021-04-18', 18, 16),
	(9, '2021-04-18', 19, 17),
	(22, '2021-04-18', 20, 12),
	(77, '2021-05-02', 1, 3),
	(44, '2021-05-02', 2, 1),
	(33, '2021-05-02', 3, 2),
	(11, '2021-05-02', 4, 4),
	(55, '2021-05-02', 5, 11),
	(31, '2021-05-02', 6, 7),
	(4, '2021-05-02', 7, 5),
	(16, '2021-05-02', 8, 6),
	(10, '2021-05-02', 9, 10),
	(5, '2021-05-02', 10, 13),
	(63, '2021-05-02', 11, 16),
	(99, '2021-05-02', 12, 12),
	(14, '2021-05-02', 13, 8),
	(22, '2021-05-02', 14, 15),
	(7, '2021-05-02', 15, 20),
	(3, '2021-05-02', 16, 9),
	(18, '2021-05-02', 17, 14),
	(6, '2021-05-02', 18, 18),
	(47, '2021-05-02', 19, 17),
	(9, '2021-05-02', 20, 19),
	(44, '2021-05-09', 1, 1),
	(33, '2021-05-09', 2, 2),
	(77, '2021-05-09', 3, 3),
	(16, '2021-05-09', 4, 4),
	(31, '2021-05-09', 5, 9),
	(55, '2021-05-09', 6, 7),
	(3, '2021-05-09', 7, 6),
	(11, '2021-05-09', 8, 5),
	(4, '2021-05-09', 9, 8),
	(14, '2021-05-09', 10, 17),
	(18, '2021-05-09', 11, 11),
	(10, '2021-05-09', 12, 10),
	(5, '2021-05-09', 13, 13),
	(99, '2021-05-09', 14, 15),
	(22, '2021-05-09', 16, 20),
	(63, '2021-05-09', 15, 14),
	(7, '2021-05-09', 17, 12),
	(47, '2021-05-09', 18, 18),
	(6, '2021-05-09', 19, 16),
	(9, '2021-05-09', 20, 19),
	(16, '2021-05-23', 1, 20),
	(33, '2021-05-23', 2, 1),
	(77, '2021-05-23', 3, 19),
	(55, '2021-05-23', 4, 2),
	(4, '2021-05-23', 5, 3),
	(10, '2021-05-23', 6, 6),
	(44, '2021-05-23', 7, 7),
	(5, '2021-05-23', 8, 5),
	(11, '2021-05-23', 9, 4),
	(99, '2021-05-23', 10, 10),
	(31, '2021-05-23', 11, 9),
	(3, '2021-05-23', 12, 12),
	(18, '2021-05-23', 13, 8),
	(7, '2021-05-23', 14, 11),
	(63, '2021-05-23', 15, 14),
	(22, '2021-05-23', 16, 16),
	(14, '2021-05-23', 17, 13),
	(6, '2021-05-23', 18, 15),
	(9, '2021-05-23', 19, 17),
	(47, '2021-05-23', 20, 18),
	(16, '2021-06-06', 1, 4),
	(44, '2021-06-06', 2, 15),
	(33, '2021-06-06', 3, 18),
	(10, '2021-06-06', 4, 3),
	(55, '2021-06-06', 5, 8),
	(4, '2021-06-06', 6, 5),
	(11, '2021-06-06', 7, 1),
	(22, '2021-06-06', 8, 7),
	(14, '2021-06-06', 9, 6),
	(77, '2021-06-06', 10, 12),
	(5, '2021-06-06', 11, 2),
	(31, '2021-06-06', 12, 20),
	(3, '2021-06-06', 13, 9),
	(7, '2021-06-06', 14, 10),
	(63, '2021-06-06', 15, 17),
	(6, '2021-06-06', 16, 16),
	(47, '2021-06-06', 17, 13),
	(9, '2021-06-06', 18, 14),
	(18, '2021-06-06', 19, 19),
	(99, '2021-06-06', 20, 11),
	(33, '2021-06-20', 1, 1),
	(44, '2021-06-20', 2, 2),
	(77, '2021-06-20', 3, 4),
	(11, '2021-06-20', 4, 3),
	(55, '2021-06-20', 5, 11),
	(10, '2021-06-20', 6, 7),
	(16, '2021-06-20', 7, 16),
	(4, '2021-06-20', 8, 5),
	(14, '2021-06-20', 9, 8),
	(3, '2021-06-20', 10, 6),
	(31, '2021-06-20', 11, 14),
	(5, '2021-06-20', 12, 9),
	(99, '2021-06-20', 13, 15),
	(63, '2021-06-20', 14, 12),
	(47, '2021-06-20', 15, 19),
	(6, '2021-06-20', 16, 18),
	(7, '2021-06-20', 17, 17),
	(9, '2021-06-20', 18, 20),
	(18, '2021-06-20', 19, 10),
	(22, '2021-06-20', 20, 13),
	(33, '2021-06-27', 1, 1),
	(77, '2021-06-27', 5, 3),
	(44, '2021-06-27', 2, 2),
	(4, '2021-06-27', 3, 5),
	(11, '2021-06-27', 4, 4),
	(10, '2021-06-27', 6, 20),
	(16, '2021-06-27', 7, 7),
	(22, '2021-06-27', 8, 10),
	(14, '2021-06-27', 9, 9),
	(18, '2021-06-27', 10, 8),
	(63, '2021-06-27', 11, 19),
	(55, '2021-06-27', 12, 6),
	(3, '2021-06-27', 13, 13),
	(5, '2021-06-27', 14, 12),
	(99, '2021-06-27', 15, 15),
	(6, '2021-06-27', 16, 17),
	(31, '2021-06-27', 17, 14),
	(7, '2021-06-27', 18, 11),
	(47, '2021-06-27', 19, 16),
	(9, '2021-06-27', 20, 18),
	(33, '2021-07-04', 1, 1),
	(4, '2021-07-04', 2, 3),
	(11, '2021-07-04', 3, 6),
	(44, '2021-07-04', 4, 4),
	(77, '2021-07-04', 5, 2),
	(10, '2021-07-04', 6, 9),
	(22, '2021-07-04', 7, 12),
	(63, '2021-07-04', 8, 11),
	(18, '2021-07-04', 9, 13),
	(55, '2021-07-04', 10, 5),
	(5, '2021-07-04', 11, 17),
	(16, '2021-07-04', 12, 8),
	(3, '2021-07-04', 13, 7),
	(14, '2021-07-04', 14, 10),
	(99, '2021-07-04', 15, 14),
	(7, '2021-07-04', 16, 15),
	(31, '2021-07-04', 17, 20),
	(6, '2021-07-04', 18, 16),
	(47, '2021-07-04', 19, 18),
	(9, '2021-07-04', 20, 19),
	(33, '2021-07-18', 1, 20),
	(44, '2021-07-18', 2, 1),
	(77, '2021-07-18', 3, 3),
	(16, '2021-07-18', 4, 2),
	(4, '2021-07-18', 5, 4),
	(3, '2021-07-18', 6, 5),
	(14, '2021-07-18', 7, 7),
	(5, '2021-07-18', 8, 19),
	(63, '2021-07-18', 9, 12),
	(31, '2021-07-18', 10, 9),
	(55, '2021-07-18', 11, 6),
	(10, '2021-07-18', 12, 11),
	(7, '2021-07-18', 13, 15),
	(18, '2021-07-18', 14, 8),
	(99, '2021-07-18', 15, 13),
	(22, '2021-07-18', 16, 10),
	(6, '2021-07-18', 17, 14),
	(47, '2021-07-18', 18, 18),
	(9, '2021-07-18', 19, 17),
	(11, '2021-07-18', 20, 16),
	(44, '2021-08-01', 1, 2),
	(77, '2021-08-01', 2, 16),
	(33, '2021-08-01', 3, 9),
	(11, '2021-08-01', 4, 17),
	(10, '2021-08-01', 5, 5),
	(4, '2021-08-01', 6, 15),
	(16, '2021-08-01', 7, 18),
	(31, '2021-08-01', 8, 1),
	(14, '2021-08-01', 9, 4),
	(5, '2021-08-01', 10, 20),
	(3, '2021-08-01', 11, 12),
	(18, '2021-08-01', 12, 19),
	(7, '2021-08-01', 13, 10),
	(99, '2021-08-01', 14, 13),
	(55, '2021-08-01', 15, 3),
	(22, '2021-08-01', 16, 6),
	(63, '2021-08-01', 17, 8),
	(6, '2021-08-01', 18, 7),
	(9, '2021-08-01', 19, 14),
	(47, '2021-08-01', 20, 11),
	(33, '2021-08-29', 1, 1),
	(63, '2021-08-29', 2, 2),
	(44, '2021-08-29', 3, 3),
	(3, '2021-08-29', 4, 4),
	(5, '2021-08-29', 5, 5),
	(10, '2021-08-29', 6, 6),
	(11, '2021-08-29', 7, 19),
	(77, '2021-08-29', 8, 12),
	(31, '2021-08-29', 9, 7),
	(4, '2021-08-29', 10, 14),
	(16, '2021-08-29', 11, 8),
	(6, '2021-08-29', 12, 9),
	(55, '2021-08-29', 13, 10),
	(14, '2021-08-29', 14, 11),
	(18, '2021-08-29', 15, 20),
	(99, '2021-08-29', 16, 13),
	(22, '2021-08-29', 17, 15),
	(47, '2021-08-29', 18, 16),
	(7, '2021-08-29', 19, 18),
	(9, '2021-08-29', 20, 17),
	(33, '2021-09-05', 1, 1),
	(44, '2021-09-05', 2, 2),
	(77, '2021-09-05', 3, 3),
	(10, '2021-09-05', 4, 4),
	(16, '2021-09-05', 5, 5),
	(55, '2021-09-05', 6, 7),
	(99, '2021-09-05', 7, 14),
	(31, '2021-09-05', 8, 9),
	(14, '2021-09-05', 9, 6),
	(3, '2021-09-05', 10, 11),
	(63, '2021-09-05', 11, 17),
	(18, '2021-09-05', 12, 12),
	(4, '2021-09-05', 13, 10),
	(6, '2021-09-05', 14, 16),
	(22, '2021-09-05', 15, 20),
	(11, '2021-09-05', 16, 8),
	(5, '2021-09-05', 17, 13),
	(7, '2021-09-05', 18, 15),
	(47, '2021-09-05', 19, 18),
	(9, '2021-09-05', 20, 19),
	(33, '2021-09-12', 1, 17),
	(3, '2021-09-12', 2, 1),
	(4, '2021-09-12', 3, 2),
	(44, '2021-09-12', 4, 18),
	(16, '2021-09-12', 5, 4),
	(55, '2021-09-12', 6, 6),
	(99, '2021-09-12', 7, 13),
	(11, '2021-09-12', 8, 5),
	(18, '2021-09-12', 9, 7),
	(14, '2021-09-12', 10, 8),
	(5, '2021-09-12', 11, 12),
	(31, '2021-09-12', 12, 10),
	(6, '2021-09-12', 13, 11),
	(63, '2021-09-12', 14, 9),
	(22, '2021-09-12', 15, 20),
	(9, '2021-09-12', 16, 16),
	(7, '2021-09-12', 17, 14),
	(47, '2021-09-12', 18, 15),
	(77, '2021-09-12', 19, 3),
	(10, '2021-09-12', 20, 19),
	(4, '2021-09-26', 1, 7),
	(55, '2021-09-26', 2, 3),
	(63, '2021-09-26', 3, 10),
	(3, '2021-09-26', 4, 4),
	(44, '2021-09-26', 5, 1),
	(14, '2021-09-26', 6, 6),
	(18, '2021-09-26', 7, 11),
	(11, '2021-09-26', 8, 9),
	(31, '2021-09-26', 9, 14),
	(5, '2021-09-26', 10, 12),
	(10, '2021-09-26', 11, 13),
	(22, '2021-09-26', 12, 17),
	(7, '2021-09-26', 13, 8),
	(47, '2021-09-26', 14, 20),
	(9, '2021-09-26', 15, 18),
	(77, '2021-09-26', 16, 5),
	(99, '2021-09-26', 17, 16),
	(6, '2021-09-26', 18, 19),
	(16, '2021-09-26', 19, 15),
	(33, '2021-09-26', 20, 2),
	(77, '2021-10-10', 1, 1),
	(33, '2021-10-10', 2, 2),
	(16, '2021-10-10', 3, 4),
	(10, '2021-10-10', 4, 6),
	(14, '2021-10-10', 5, 16),
	(11, '2021-10-10', 6, 3),
	(4, '2021-10-10', 7, 7),
	(18, '2021-10-10', 8, 9),
	(22, '2021-10-10', 9, 14),
	(5, '2021-10-10', 10, 18),
	(44, '2021-10-10', 11, 5),
	(31, '2021-10-10', 12, 10),
	(63, '2021-10-10', 13, 15),
	(47, '2021-10-10', 14, 19),
	(6, '2021-10-10', 15, 17),
	(99, '2021-10-10', 16, 11),
	(7, '2021-10-10', 17, 12),
	(9, '2021-10-10', 18, 20),
	(55, '2021-10-10', 19, 8),
	(3, '2021-10-10', 20, 13),
	(33, '2021-10-24', 1, 1),
	(44, '2021-10-24', 2, 2),
	(11, '2021-10-24', 3, 3),
	(16, '2021-10-24', 4, 4),
	(55, '2021-10-24', 5, 7),
	(3, '2021-10-24', 6, 5),
	(4, '2021-10-24', 7, 8),
	(10, '2021-10-24', 8, 20),
	(77, '2021-10-24', 9, 6),
	(22, '2021-10-24', 10, 9),
	(31, '2021-10-24', 11, 19),
	(99, '2021-10-24', 12, 11),
	(18, '2021-10-24', 13, 12),
	(6, '2021-10-24', 14, 15),
	(7, '2021-10-24', 15, 13),
	(47, '2021-10-24', 16, 16),
	(9, '2021-10-24', 17, 17),
	(5, '2021-10-24', 18, 10),
	(14, '2021-10-24', 19, 18),
	(63, '2021-10-24', 20, 14),
	(77, '2021-11-07', 1, 15),
	(44, '2021-11-07', 2, 2),
	(33, '2021-11-07', 3, 1),
	(11, '2021-11-07', 4, 3),
	(10, '2021-11-07', 5, 4),
	(55, '2021-11-07', 6, 6),
	(3, '2021-11-07', 7, 12),
	(16, '2021-11-07', 8, 5),
	(5, '2021-11-07', 9, 7),
	(7, '2021-11-07', 10, 8),
	(99, '2021-11-07', 11, 11),
	(14, '2021-11-07', 12, 9),
	(6, '2021-11-07', 13, 17),
	(47, '2021-11-07', 14, 19),
	(9, '2021-11-07', 15, 18),
	(63, '2021-11-07', 16, 16),
	(22, '2021-11-07', 17, 0),
	(4, '2021-11-07', 18, 10),
	(31, '2021-11-07', 19, 13),
	(18, '2021-11-07', 20, 14),
	(33, '2021-11-14', 2, 2),
	(77, '2021-11-14', 1, 3),
	(11, '2021-11-14', 4, 4),
	(10, '2021-11-14', 7, 7),
	(55, '2021-11-14', 3, 6),
	(16, '2021-11-14', 6, 5),
	(4, '2021-11-14', 5, 10),
	(3, '2021-11-14', 11, 19),
	(14, '2021-11-14', 12, 9),
	(31, '2021-11-14', 8, 8),
	(5, '2021-11-14', 9, 11),
	(22, '2021-11-14', 15, 15),
	(7, '2021-11-14', 20, 12),
	(99, '2021-11-14', 13, 14),
	(18, '2021-11-14', 14, 0),
	(6, '2021-11-14', 16, 16),
	(63, '2021-11-14', 17, 13),
	(47, '2021-11-14', 18, 18),
	(9, '2021-11-14', 19, 17),
	(44, '2021-11-14', 10, 1),
	(44, '2021-11-21', 1, 1),
	(10, '2021-11-21', 2, 11),
	(14, '2021-11-21', 3, 3),
	(4, '2021-11-21', 4, 9),
	(55, '2021-11-21', 5, 7),
	(77, '2021-11-21', 6, 20),
	(33, '2021-11-21', 7, 2),
	(22, '2021-11-21', 8, 13),
	(31, '2021-11-21', 9, 5),
	(5, '2021-11-21', 10, 10),
	(11, '2021-11-21', 11, 4),
	(18, '2021-11-21', 12, 6),
	(16, '2021-11-21', 13, 8),
	(3, '2021-11-21', 14, 12),
	(63, '2021-11-21', 15, 17),
	(7, '2021-11-21', 16, 14),
	(6, '2021-11-21', 17, 0),
	(99, '2021-11-21', 18, 15),
	(47, '2021-11-21', 19, 16),
	(9, '2021-11-21', 20, 18),
	(44, '2021-12-05', 1, 1),
	(77, '2021-12-05', 2, 3),
	(33, '2021-12-05', 3, 2),
	(16, '2021-12-05', 4, 7),
	(11, '2021-12-05', 5, 17),
	(10, '2021-12-05', 6, 6),
	(4, '2021-12-05', 7, 10),
	(22, '2021-12-05', 8, 14),
	(31, '2021-12-05', 9, 4),
	(99, '2021-12-05', 10, 9),
	(3, '2021-12-05', 11, 5),
	(7, '2021-12-05', 12, 15),
	(14, '2021-12-05', 13, 13),
	(63, '2021-12-05', 14, 19),
	(55, '2021-12-05', 15, 8),
	(6, '2021-12-05', 16, 12),
	(5, '2021-12-05', 17, 16),
	(18, '2021-12-05', 18, 11),
	(47, '2021-12-05', 19, 0),
	(9, '2021-12-05', 20, 18),
	(33, '2021-12-12', 1, 1),
	(44, '2021-12-12', 2, 2),
	(4, '2021-12-12', 3, 7),
	(11, '2021-12-12', 4, 15),
	(55, '2021-12-12', 5, 3),
	(77, '2021-12-12', 6, 6),
	(16, '2021-12-12', 7, 10),
	(22, '2021-12-12', 8, 4),
	(31, '2021-12-12', 9, 9),
	(3, '2021-12-12', 10, 12),
	(14, '2021-12-12', 11, 8),
	(10, '2021-12-12', 12, 5),
	(18, '2021-12-12', 13, 13),
	(99, '2021-12-12', 14, 17),
	(5, '2021-12-12', 15, 11),
	(6, '2021-12-12', 16, 16),
	(63, '2021-12-12', 17, 18),
	(7, '2021-12-12', 18, 19),
	(47, '2021-12-12', 19, 14),
	(9, '2021-12-12', 20, 20);
/*!40000 ALTER TABLE `gareggia` ENABLE KEYS */;

-- Dump della struttura di tabella f1_fantasy.pilota
CREATE TABLE IF NOT EXISTS `pilota` (
  `Numero` int(11) NOT NULL,
  `CognomePilota` char(50) DEFAULT NULL,
  `NomePilota` char(50) DEFAULT NULL,
  `NazioneP` char(50) DEFAULT NULL,
  `PunteggioFinale` float(111,1) DEFAULT NULL,
  `ValoreIniziale` float(11,1) DEFAULT NULL,
  `ValoreFinale` float(11,1) DEFAULT NULL,
  `NomeScuderia` char(50) DEFAULT NULL,
  PRIMARY KEY (`Numero`),
  KEY `FK_pilota_scuderia` (`NomeScuderia`),
  CONSTRAINT `FK_pilota_scuderia` FOREIGN KEY (`NomeScuderia`) REFERENCES `scuderia` (`NomeScuderia`) ON UPDATE CASCADE
) ENGINE=InnoDB DEFAULT CHARSET=utf8mb4;

-- Dump dei dati della tabella f1_fantasy.pilota: ~20 rows (circa)
/*!40000 ALTER TABLE `pilota` DISABLE KEYS */;
INSERT INTO `pilota` (`Numero`, `CognomePilota`, `NomePilota`, `NazioneP`, `PunteggioFinale`, `ValoreIniziale`, `ValoreFinale`, `NomeScuderia`) VALUES
	(3, 'Ricciardo', 'Daniel', 'Australia', NULL, 14.5, NULL, 'McLaren F1 Team'),
	(4, 'Norris', 'Lando', 'Inghilterra', NULL, 16.0, NULL, 'McLaren F1 Team'),
	(5, 'Vettel', 'Sebastian', 'Germania', NULL, 11.5, NULL, 'Aston Martin'),
	(6, 'Latifi', 'Nicholas', 'Canada', NULL, 7.0, NULL, 'Williams Racing'),
	(7, 'Raikkonen', 'Kimi', 'Finlandia', NULL, 9.0, NULL, 'Alfa Romeo F1 Team ORLEN'),
	(9, 'Mazepin', 'Nikita', 'Russia', NULL, 5.0, NULL, 'Haas F1 Team'),
	(10, 'Gasly', 'Pierre', 'Francia', NULL, 13.5, NULL, 'Alpha-Tauri'),
	(11, 'Perez', 'Sergio', 'Messico', NULL, 17.5, NULL, 'RedBull Racing'),
	(14, 'Alonso', 'Fernando', 'Spagna', NULL, 12.5, NULL, 'Alpine F1 Team'),
	(16, 'Leclerc', 'Charles', 'Monaco', NULL, 18.0, NULL, 'Scuderia Ferrari'),
	(18, 'Stroll', 'Lance', 'Canada', NULL, 9.5, NULL, 'Aston Martin'),
	(22, 'Tsunoda', 'Yuki', 'Giappone', NULL, 8.5, NULL, 'Alpha-Tauri'),
	(31, 'Ocon', 'Esteban', 'Francia', NULL, 12.0, NULL, 'Alpine F1 Team'),
	(33, 'Verstappen', 'Max', 'Paesi Bassi', NULL, 30.5, NULL, 'RedBull Racing'),
	(44, 'Hamilton', 'Lewis', 'Inghilterra', NULL, 31.0, NULL, 'Mercedes AMG Petronas'),
	(47, 'Schumacher', 'Mick', 'Germania', NULL, 6.5, NULL, 'Haas F1 Team'),
	(55, 'Sainz', 'Carlos', 'Spagna', NULL, 17.0, NULL, 'Scuderia Ferrari'),
	(63, 'Russell', 'George', 'Inghilterra', NULL, 7.5, NULL, 'Williams Racing'),
	(77, 'Bottas', 'Valtteri', 'Finlandia', NULL, 24.0, NULL, 'Mercedes AMG Petronas'),
	(99, 'Giovinazzi', 'Antonio', 'Italia', NULL, 8.0, NULL, 'Alfa Romeo F1 Team ORLEN');
/*!40000 ALTER TABLE `pilota` ENABLE KEYS */;

-- Dump della struttura di tabella f1_fantasy.scuderia
CREATE TABLE IF NOT EXISTS `scuderia` (
  `NomeScuderia` char(50) NOT NULL,
  `PunteggioF` float(111,1) DEFAULT NULL,
  `TPNome` char(50) DEFAULT NULL,
  `TPCognome` char(50) DEFAULT NULL,
  `Nazione` char(50) DEFAULT NULL,
  `ValoreBase` float(11,1) DEFAULT NULL,
  `ValoreFinale` float(11,1) DEFAULT NULL,
  PRIMARY KEY (`NomeScuderia`)
) ENGINE=InnoDB DEFAULT CHARSET=utf8mb4;

-- Dump dei dati della tabella f1_fantasy.scuderia: ~10 rows (circa)
/*!40000 ALTER TABLE `scuderia` DISABLE KEYS */;
INSERT INTO `scuderia` (`NomeScuderia`, `PunteggioF`, `TPNome`, `TPCognome`, `Nazione`, `ValoreBase`, `ValoreFinale`) VALUES
	('Alfa Romeo F1 Team ORLEN', NULL, 'Frédéric', 'Vasseur', 'Svizzera', 8.0, NULL),
	('Alpha-Tauri', NULL, 'Franz', 'Tost', 'Italia', 10.5, NULL),
	('Alpine F1 Team', NULL, 'Marcin', 'Butkowski', 'Francia', 14.0, NULL),
	('Aston Martin', NULL, 'Otmar', 'Szafnauer', 'Inghilterra', 11.5, NULL),
	('Haas F1 Team', NULL, 'Gunther', 'Steinter', 'Stati Uniti', 6.0, NULL),
	('McLaren F1 Team', NULL, 'Zak', 'Brown', 'Inghliterra', 18.5, NULL),
	('Mercedes AMG Petronas', NULL, 'Toto', 'Wolff', 'Germania', 34.5, NULL),
	('RedBull Racing', NULL, 'Christian', 'Horner', 'Austria', 32.5, NULL),
	('Scuderia Ferrari', NULL, 'Mattia', 'Binotto', 'Italia', 25.0, NULL),
	('Williams Racing', NULL, 'Simon', 'Roberts', 'Inghilterra', 7.0, NULL);
/*!40000 ALTER TABLE `scuderia` ENABLE KEYS */;

-- Dump della struttura di tabella f1_fantasy.squadra
CREATE TABLE IF NOT EXISTS `squadra` (
  `NomeSquadra` char(50) NOT NULL,
  `Punteggio` int(11) DEFAULT NULL,
  `Nick` char(50) DEFAULT NULL,
  PRIMARY KEY (`NomeSquadra`),
  KEY `FK_squadra_utente` (`Nick`),
  CONSTRAINT `FK_squadra_utente` FOREIGN KEY (`Nick`) REFERENCES `utente` (`Nick`) ON UPDATE CASCADE
) ENGINE=InnoDB DEFAULT CHARSET=utf8mb4;

-- Dump dei dati della tabella f1_fantasy.squadra: ~2 rows (circa)
/*!40000 ALTER TABLE `squadra` DISABLE KEYS */;
INSERT INTO `squadra` (`NomeSquadra`, `Punteggio`, `Nick`) VALUES
	('Sbureria Ferrari', NULL, 'YuukiGerma'),
	('Scuderia Sburari', NULL, 'Bardack');
/*!40000 ALTER TABLE `squadra` ENABLE KEYS */;

-- Dump della struttura di tabella f1_fantasy.utente
CREATE TABLE IF NOT EXISTS `utente` (
  `Nick` char(50) NOT NULL,
  `Nome` char(50) DEFAULT NULL,
  `Cognome` char(50) DEFAULT NULL,
  `Email` char(50) DEFAULT NULL,
  `PSW` char(50) DEFAULT NULL,
  PRIMARY KEY (`Nick`)
) ENGINE=InnoDB DEFAULT CHARSET=utf8mb4;

-- Dump dei dati della tabella f1_fantasy.utente: ~2 rows (circa)
/*!40000 ALTER TABLE `utente` DISABLE KEYS */;
INSERT INTO `utente` (`Nick`, `Nome`, `Cognome`, `Email`, `PSW`) VALUES
	('Bardack', 'Marco', 'Varisco', 'marco.varisco@gmail.com', 'Admin'),
	('YuukiGerma', 'Matteo', 'Germanò', 'matteo.germano@gmail.com', 'Admin');
/*!40000 ALTER TABLE `utente` ENABLE KEYS */;

/*!40101 SET SQL_MODE=IFNULL(@OLD_SQL_MODE, '') */;
/*!40014 SET FOREIGN_KEY_CHECKS=IFNULL(@OLD_FOREIGN_KEY_CHECKS, 1) */;
/*!40101 SET CHARACTER_SET_CLIENT=@OLD_CHARACTER_SET_CLIENT */;
/*!40111 SET SQL_NOTES=IFNULL(@OLD_SQL_NOTES, 1) */;
